month,headline_base,yoy_first,yoy_first_src,yoy_later,mom_pub,mom_pub_src,mom_new,mom_new_src
2015-07,2007-08,,not_found,,0.43,bulletin,,not_found
2015-08,2007-08,,not_found,,0.68,bulletin,,not_found
2015-09,2007-08,,not_found,,-0.1,bulletin,,not_found
2015-10,2007-08,,not_found,,0.49,bulletin,,not_found
2015-11,2007-08,,not_found,,0.59,bulletin,,not_found
2015-12,2007-08,,not_found,,-0.6,bulletin,,not_found
2016-01,2007-08,,not_found,,0.2,bulletin,,not_found
2016-02,2007-08,,not_found,,-0.3,bulletin,,not_found
2016-03,2007-08,,not_found,,0.1,bulletin,,not_found
2016-04,2007-08,,not_found,,1.5,bulletin,,not_found
2016-05,2007-08,,not_found,,-0.2,bulletin,,not_found
2016-06,2007-08,,not_found,,0.6,bulletin,,not_found
2016-07,2007-08,,not_found,,1.34,bulletin,,not_found
2016-08,2007-08,,not_found,,-0.3,bulletin,,not_found
2016-09,2007-08,,not_found,,0.2,bulletin,,not_found
2016-10,2007-08,,not_found,,0.81,bulletin,,not_found
2016-11,2007-08,,not_found,,0.21,bulletin,,not_found
2016-12,2007-08,,not_found,,-0.68,bulletin,,not_found
2017-01,2007-08,3.66,press_release,,0.18,press_release,,not_found
2017-02,2007-08,,not_found,,0.28,bulletin,,not_found
2017-03,2007-08,,not_found,,0.84,bulletin,,not_found
2017-04,2007-08,,not_found,,1.4,bulletin,,not_found
2017-05,2007-08,,not_found,,0.01,bulletin,,not_found
2017-06,2007-08,,not_found,,-0.41,bulletin,,not_found
2017-07,2007-08,,not_found,3.9,0.34,bulletin,,not_found
2017-08,2007-08,,not_found,4.4,0.19,bulletin,0.19,historical_table
2017-09,2007-08,,not_found,4.7,0.63,bulletin,0.65,historical_table
2017-10,2007-08,,not_found,4.8,0.75,bulletin,1.11,historical_table
2017-11,2007-08,,not_found,5.0,0.37,bulletin,0.73,historical_table
2017-12,2007-08,,not_found,5.6,-0.09,historical_table,-0.09,historical_table
2018-01,2007-08,,not_found,5.2,0.05,historical_table,0.09,historical_table
2018-02,2007-08,3.8,press_release,4.5,-0.31,press_release,-0.27,historical_table
2018-03,2007-08,3.25,press_release,3.6,0.31,press_release,0.27,historical_table
2018-04,2007-08,3.68,press_release,4.0,1.82,press_release,1.0,historical_table
2018-05,2007-08,4.19,press_release,5.0,0.51,press_release,0.54,historical_table
2018-06,2007-08,5.21,press_release,5.7,0.57,press_release,0.81,historical_table
2018-07,2007-08,,not_found,6.7,0.93,historical_table,1.51,historical_table
2018-08,2007-08,,not_found,6.2,0.22,historical_table,-0.3,release
2018-09,2007-08,,not_found,5.4,-0.09,historical_table,0.0,historical_table
2018-10,2007-08,,not_found,6.5,2.36,historical_table,2.1,release
2018-11,2007-08,,not_found,5.7,0.13,historical_table,-0.1,release
2018-12,2007-08,,not_found,5.4,-0.43,historical_table,-0.3,release
2019-01,2007-08,7.19,press_release,5.6,1.0,press_release,0.26,historical_table
2019-02,2007-08,,not_found,6.8,0.64,historical_table,0.86,historical_table
2019-03,2007-08,,not_found,8.6,1.43,historical_table,2.0,release
2019-04,2007-08,,not_found,8.3,1.24,historical_table,0.7,release
2019-05,2007-08,,not_found,8.4,0.78,historical_table,0.6,release
2019-06,2007-08,8.89,press_release,8.0,0.36,press_release,0.5,release
2019-07,2007-08,,not_found,8.4,2.31,historical_table,1.8,release
2019-08,2015-16,10.49,press_release,10.49,1.64,press_release,1.64,release
2019-09,2015-16,11.37,press_release,11.37,0.77,press_release,0.77,release
2019-10,2015-16,11.04,press_release,11.04,1.82,press_release,1.82,release
2019-11,2015-16,12.7,review,12.7,1.3,review,1.3,release
2019-12,2015-16,12.6,review,12.6,-0.3,review,-0.3,release
2020-01,2015-16,14.6,review,14.6,2.0,review,2.0,release
2020-02,2015-16,12.4,press_release,12.4,-1.04,press_release,-1.04,release
2020-03,2015-16,10.2,review,10.2,0.04,review,0.04,release
2020-04,2015-16,8.5,review,8.5,-0.8,review,-0.8,release
2020-05,2015-16,8.2,review,8.2,0.3,review,0.3,release
2020-06,2015-16,8.6,review,8.6,0.8,review,0.8,release
2020-07,2015-16,9.3,review,9.3,2.5,review,2.5,release
2020-08,2015-16,8.21,press_release,8.2,0.63,press_release,0.63,release
2020-09,2015-16,9.04,press_release,9.04,1.54,press_release,1.54,release
2020-10,2015-16,8.91,press_release,8.91,1.7,press_release,1.7,release
2020-11,2015-16,8.3,review,8.3,0.8,review,0.8,release
2020-12,2015-16,7.97,press_release,7.97,-0.68,press_release,-0.68,release
2021-01,2015-16,5.65,press_release,5.65,-0.21,press_release,-0.21,release
2021-02,2015-16,8.7,press_release,8.7,1.8,press_release,1.8,release
2021-03,2015-16,9.05,press_release,9.05,0.36,press_release,0.36,release
2021-04,2015-16,11.1,review,11.1,1.0,review,1.0,release
2021-05,2015-16,10.87,press_release,10.87,0.1,press_release,0.1,release
2021-06,2015-16,9.7,press_release,9.7,-0.24,press_release,-0.24,release
2021-07,2015-16,8.4,press_release,8.4,1.34,press_release,1.34,release
2021-08,2015-16,8.4,review,8.4,0.6,review,0.6,release
2021-09,2015-16,8.98,press_release,8.98,2.12,press_release,2.12,release
2021-10,2015-16,9.2,review,9.2,1.9,review,1.9,release
2021-11,2015-16,11.53,press_release,11.53,2.98,press_release,2.98,release
2021-12,2015-16,12.28,press_release,12.28,-0.02,press_release,-0.02,release
2022-01,2015-16,12.96,press_release,12.96,0.39,press_release,0.39,release
2022-02,2015-16,12.24,press_release,12.24,1.15,press_release,1.15,release
2022-03,2015-16,12.72,press_release,12.72,0.79,press_release,0.79,release
2022-04,2015-16,13.37,press_release,13.37,1.61,press_release,1.61,release
2022-05,2015-16,13.76,press_release,13.76,0.44,press_release,0.44,release
2022-06,2015-16,21.32,press_release,21.32,6.34,press_release,6.34,release
2022-07,2015-16,24.93,press_release,24.93,4.35,press_release,4.35,release
2022-08,2015-16,27.26,press_release,27.26,2.45,press_release,2.45,release
2022-09,2015-16,,not_found,23.2,-1.12,historical_table,-1.2,release
2022-10,2015-16,26.56,press_release,26.56,4.71,press_release,4.71,release
2022-11,2015-16,23.84,press_release,23.84,0.76,press_release,0.76,release
2022-12,2015-16,24.5,press_release,24.5,0.5,press_release,0.5,release
2023-01,2015-16,27.55,press_release,27.55,2.9,press_release,2.9,release
2023-02,2015-16,31.55,press_release,31.55,4.32,press_release,4.32,release
2023-03,2015-16,35.37,press_release,35.37,3.72,press_release,3.72,release
2023-04,2015-16,36.42,press_release,36.42,2.41,press_release,2.41,release
2023-05,2015-16,37.97,press_release,37.97,1.58,press_release,1.58,release
2023-06,2015-16,29.4,press_release,29.4,-0.26,press_release,-0.26,release
2023-07,2015-16,28.31,press_release,28.31,3.46,press_release,3.46,release
2023-08,2015-16,27.38,press_release,27.38,1.72,press_release,1.72,release
2023-09,2015-16,31.44,press_release,31.44,2.0,press_release,2.0,release
2023-10,2015-16,26.89,press_release,26.89,1.08,press_release,1.08,release
2023-11,2015-16,29.23,press_release,29.23,2.7,press_release,2.7,release
2023-12,2015-16,29.66,press_release,29.66,0.82,press_release,0.82,release
2024-01,2015-16,28.34,press_release,28.34,1.83,press_release,1.83,release
2024-02,2015-16,23.06,press_release,23.06,0.03,press_release,0.03,release
2024-03,2015-16,20.68,press_release,20.68,1.71,press_release,1.71,release
2024-04,2015-16,17.34,press_release,17.34,-0.43,press_release,-0.43,release
2024-05,2015-16,11.8,review,11.8,-3.23,historical_table,-3.2,release
2024-06,2015-16,12.57,press_release,12.57,0.46,press_release,0.46,release
2024-07,2015-16,11.09,press_release,11.09,2.1,press_release,2.1,release
2024-08,2015-16,9.64,press_release,9.6,0.39,press_release,0.4,release
2024-09,2015-16,6.93,press_release,6.93,-0.52,press_release,-0.52,release
2024-10,2015-16,7.17,press_release,7.17,1.23,press_release,1.23,release
2024-11,2015-16,4.86,press_release,4.86,0.49,press_release,0.49,release
2024-12,2015-16,4.1,review,4.1,0.1,review,0.1,release
2025-01,2015-16,2.41,press_release,2.41,0.2,press_release,0.2,release
2025-02,2015-16,1.5,review,1.5,-0.8,review,-0.8,release
2025-03,2015-16,0.7,review,0.7,0.9,review,0.9,release
2025-04,2015-16,0.3,review,0.3,-0.8,review,-0.8,release
2025-05,2015-16,3.46,press_release,3.5,-0.17,press_release,-0.2,release
2025-06,2015-16,3.2,review,3.2,0.2,review,0.2,release
2025-07,2015-16,4.1,review,4.1,2.9,review,2.9,release
2025-08,2015-16,2.99,press_release,2.99,-0.65,press_release,-0.65,release
2025-09,2015-16,5.6,review,5.6,2.0,review,2.0,release
2025-10,2015-16,6.2,review,6.2,1.8,review,1.8,release
2025-11,2015-16,6.1,review,6.1,0.4,review,0.4,release
2025-12,2015-16,5.6,review,5.6,-0.4,review,-0.4,release
2026-01,2015-16,5.8,review,5.8,0.4,review,0.4,release
2026-02,2015-16,7.0,review,7.0,0.3,review,0.3,release
2026-03,2015-16,7.3,review,7.3,1.2,review,1.2,release
2026-04,2015-16,10.9,review,10.9,2.5,review,2.5,release
2026-05,2015-16,11.7,review,11.7,0.5,review,0.5,release
2026-06,2015-16,11.1,review,11.1,-0.3,review,-0.3,release
2026-07,2015-16,9.2,review,9.2,1.2,review,1.2,release
2026-08,2015-16,11.1,review,11.1,,not_found,,not_found
