month,spi_mom,n_signed,n_unsigned,source,max_revision
2018-08,-0.2,1,0,later_reviews,0.0
2018-09,-0.4,1,0,later_reviews,0.0
2018-11,-0.7,1,0,later_reviews,0.0
2018-12,-0.3,1,0,later_reviews,0.0
2019-01,0.4,1,0,later_reviews,0.0
2019-03,2.1,1,0,later_reviews,0.0
2019-04,0.5,1,0,later_reviews,0.0
2019-05,0.6,1,0,later_reviews,0.0
2019-06,0.9,1,0,later_reviews,0.0
2019-07,1.0,2,0,later_reviews,0.0
2019-08,2.7,1,0,own_review,0.0
2019-09,1.9,1,0,own_review,0.0
2019-10,2.7,1,0,own_review,0.0
2019-11,3.7,1,0,own_review,0.0
2019-12,-2.0,2,0,own_review,0.0
2020-01,0.5,2,0,own_review,0.0
2020-02,-0.8,3,0,own_review,0.0
2020-03,-0.3,3,0,own_review,0.0
2020-04,-2.0,3,0,own_review,0.2
2020-05,2.2,3,0,own_review,0.0
2020-06,1.4,3,0,own_review,0.0
2020-07,2.8,2,0,own_review,0.2
2020-09,2.1,1,0,own_review,0.0
2020-10,3.0,1,0,own_review,0.0
2020-11,1.1,1,0,own_review,0.0
2020-12,-2.7,2,0,later_reviews,0.0
2021-01,-0.8,3,0,own_review,0.0
2021-02,3.1,3,0,own_review,0.0
2021-03,5.7,3,0,own_review,0.0
2021-04,0.4,3,0,own_review,0.0
2021-05,0.8,3,0,own_review,0.0
2021-06,-0.4,3,0,own_review,0.0
2021-07,1.8,2,0,own_review,0.0
2021-08,0.7,1,0,own_review,0.0
2021-09,2.7,1,0,own_review,0.0
2021-10,2.1,1,0,own_review,0.0
2021-11,3.6,1,0,own_review,0.0
2021-12,-0.4,1,0,own_review,0.0
2022-01,-0.8,2,0,own_review,0.0
2022-02,1.3,2,0,own_review,0.0
2022-03,0.6,2,0,own_review,0.0
2022-04,1.5,4,0,own_review,0.0
2022-05,0.6,4,0,own_review,0.0
2022-06,6.2,4,0,own_review,0.0
2022-07,7.3,4,0,own_review,0.0
2022-08,5.2,3,0,later_reviews,0.0
2022-09,-1.4,3,0,later_reviews,0.0
2022-10,-1.5,2,0,later_reviews,0.0
2022-11,6.1,3,0,later_reviews,0.0
2022-12,0.2,3,0,later_reviews,0.0
2023-01,1.3,2,0,later_reviews,0.0
2023-02,3.7,4,0,later_reviews,0.0
2023-03,5.8,4,0,later_reviews,0.0
2023-04,2.7,6,0,own_review,0.0
2023-05,1.3,6,0,own_review,0.0
2023-06,0.2,6,0,own_review,0.0
2023-07,2.8,6,0,own_review,0.0
2023-08,4.1,6,0,own_review,0.0
2023-09,1.7,6,0,own_review,0.0
2023-10,0.2,6,0,own_review,0.0
2023-11,3.3,6,0,own_review,0.0
2023-12,3.8,6,0,own_review,0.0
2024-01,2.0,6,0,own_review,0.0
2024-02,-0.8,6,0,own_review,0.0
2024-03,2.1,6,0,own_review,0.0
2024-04,-0.7,6,0,own_review,0.0
2024-05,-4.0,4,0,later_reviews,0.0
2024-06,1.33,6,0,own_review,0.03
2024-07,2.0,6,0,own_review,0.0
2024-08,-0.3,2,2,later_reviews,0.0
2024-09,0.2,4,0,own_review,0.0
2024-10,0.6,4,0,own_review,0.0
2024-11,1.0,2,2,own_review,0.0
2024-12,0.8,2,2,own_review,0.0
2025-01,-1.4,3,2,later_reviews,0.0
2025-02,-1.6,6,0,own_review,0.0
2025-03,-0.1,4,0,own_review,0.0
2025-04,-1.7,5,0,own_review,0.4
2025-05,-1.0,5,0,own_review,0.0
2025-06,0.0,7,0,own_review,0.0
2025-07,3.1,3,1,own_review,0.0
2025-08,3.2,2,2,own_review,0.0
2025-09,2.0,2,1,own_review,0.0
2025-10,0.9,1,1,own_review,0.0
2025-11,0.4,2,0,own_review,0.0
2025-12,-0.8,2,0,own_review,0.0
2026-01,-0.8,3,0,own_review,0.0
2026-02,-0.1,2,0,own_review,0.0
2026-03,0.7,1,0,own_review,0.0
2026-04,2.0,1,0,own_review,0.0
2026-05,0.7,2,0,own_review,0.0
2026-06,0.7,1,0,own_review,0.0
2026-07,2.4,1,0,own_review,0.0
2026-08,0.9,1,0,own_review,0.0
