target,actual,tally,b2,ministry,a,b,n_train,flags
2020-07,9.3,8.123,7.821,8.45,0.229,0.401,11,
2020-09,9.04,8.689,7.686,8.4,0.274,0.449,12,
2020-11,8.3,8.367,8.071,8.3,0.291,0.458,14,also_states_point_8.5
2020-12,7.97,7.601,8.17,8.05,0.292,0.458,15,
2021-01,5.65,5.823,6.579,7.699999999999999,0.325,0.441,16,
2021-05,10.87,11.463,11.078,9.4,0.372,0.32,20,
2021-06,9.7,10.227,10.412,9.5,0.344,0.322,21,also_states_conditional_point_9.8
2021-07,8.4,7.996,8.613,8.25,0.315,0.33,22,
2021-08,8.4,8.328,8.234,8.399999999999999,0.33,0.333,23,
2021-09,8.98,8.069,7.407,7.95,0.332,0.333,24,
2021-11,11.53,10.117,8.942,9.0,0.373,0.354,26,
2022-03,12.72,12.536,12.504,10.5,0.396,0.382,30,month_inferred
2022-04,13.37,12.691,12.644,12.0,0.402,0.381,31,
2022-05,13.76,13.993,13.642,13.15,0.42,0.383,32,
2022-06,21.32,17.217,14.28,15.0,0.413,0.384,33,
2022-07,24.93,24.613,21.492,21.32,0.346,0.513,34,
2022-08,27.26,27.977,25.0,24.93,0.34,0.522,35,
2022-10,26.56,20.318,22.965,21.75,0.301,0.523,37,month_inferred
2022-11,23.84,26.915,24.269,24.0,0.547,0.446,38,
2022-12,24.5,24.66,23.488,22.0,0.563,0.395,39,month_inferred
2023-01,27.55,25.346,24.817,25.0,0.558,0.395,40,
2023-05,37.97,37.439,36.401,35.0,0.633,0.429,44,
2023-06,29.4,30.689,31.776,32.0,0.642,0.428,45,
2023-07,28.31,26.271,26.841,26.0,0.611,0.434,46,
2023-08,27.38,28.303,26.629,30.0,0.634,0.442,47,pdf_created_after_month_end
2023-09,31.44,30.693,29.757,30.0,0.63,0.435,48,
2023-10,26.89,26.444,28.663,28.0,0.643,0.435,49,
2023-11,29.23,28.554,27.437,27.0,0.654,0.433,50,
2023-12,29.66,31.568,28.348,28.0,0.659,0.436,51,
2024-01,28.34,27.897,27.538,28.0,0.651,0.425,52,
2024-02,23.06,23.415,24.716,25.0,0.657,0.425,53,pdf_created_after_month_end
2024-03,20.68,20.48,20.151,23.0,0.647,0.428,54,
2024-04,17.34,18.252,19.127,19.0,0.649,0.428,55,
2024-05,11.8,14.227,16.254,14.0,0.624,0.435,56,
2024-06,12.57,13.387,13.661,13.0,0.528,0.473,57,
2024-10,7.17,6.619,8.159,6.5,0.499,0.479,61,
2024-11,4.86,5.381,6.135,6.3,0.508,0.477,62,
2024-12,4.1,4.924,4.074,4.5,0.499,0.478,63,
2025-02,1.5,2.105,3.661,2.5,0.495,0.477,65,
2025-03,0.7,0.224,1.115,1.25,0.48,0.481,66,
2025-04,0.3,0.806,1.901,1.75,0.49,0.479,67,
2025-05,3.46,3.609,3.448,1.75,0.477,0.483,68,
2025-06,3.2,3.473,4.449,3.5,0.473,0.485,69,
2025-07,4.1,3.072,3.857,4.0,0.468,0.486,70,month_inferred
2025-08,2.99,5.804,4.886,4.5,0.474,0.49,71,
2025-09,5.6,4.987,4.361,4.0,0.456,0.476,72,
2025-10,6.2,5.248,6.533,5.5,0.462,0.478,73,
2025-11,6.1,6.387,7.316,5.5,0.476,0.476,74,
2025-12,5.6,6.089,6.147,6.0,0.472,0.477,75,
2026-01,5.8,5.471,6.466,5.5,0.462,0.48,76,
2026-02,7.0,7.101,8.04,6.5,0.468,0.478,77,
2026-03,7.3,6.895,7.632,8.0,0.466,0.479,78,
2026-04,10.9,9.71,8.985,8.5,0.472,0.478,79,
2026-06,11.1,12.385,12.926,11.5,0.478,0.481,81,
2026-07,9.2,9.718,11.024,9.5,0.462,0.482,82,
2026-08,11.1,10.895,10.906,10.5,0.459,0.481,83,
