target,actual,ministry,b1,b2,form,lo,hi,flags,b1_src,mom_srcs
2020-07,9.3,8.45,8.6,7.821,range,7.6,9.3,,first,"historical_table,historical_table,bulletin,bulletin,bulletin"
2020-08,8.21,9.05,9.3,8.059,range,8.4,9.7,,first,"press_release,historical_table,bulletin,bulletin,bulletin"
2020-09,9.04,8.4,8.21,7.686,range,7.8,9.0,,first,"press_release,historical_table,bulletin,bulletin,bulletin"
2020-11,8.3,8.3,8.91,8.071,range,7.6,9.0,also_states_point_8.5,first,"review,historical_table,bulletin,bulletin,bulletin"
2020-12,7.97,8.05,8.3,8.17,range,7.8,8.3,,first,"review,historical_table,historical_table,bulletin,bulletin"
2021-01,5.65,7.699999999999999,7.97,6.579,range,7.2,8.2,,first,"review,press_release,historical_table,press_release,bulletin"
2021-05,10.87,9.4,11.1,11.078,range,9.0,9.8,,first,"review,historical_table,press_release,bulletin,bulletin"
2021-06,9.7,9.5,10.87,10.412,range,8.8,10.2,also_states_conditional_point_9.8,first,"review,press_release,press_release,bulletin,bulletin"
2021-07,8.4,8.25,9.7,8.613,range,7.5,9.0,,first,"review,historical_table,historical_table,bulletin,bulletin"
2021-08,8.4,8.399999999999999,8.4,8.234,range,7.6,9.2,,first,"press_release,press_release,historical_table,bulletin,bulletin"
2021-09,8.98,7.95,8.4,7.407,range,7.5,8.4,,first,"press_release,press_release,historical_table,bulletin,bulletin"
2021-11,11.53,9.0,9.2,8.942,range,8.5,9.5,,first,"review,review,historical_table,bulletin,bulletin"
2022-03,12.72,10.5,12.24,12.504,range,9.5,11.5,month_inferred,first,"press_release,review,historical_table,press_release,bulletin"
2022-04,13.37,12.0,12.72,12.644,range,11.5,12.5,,first,"review,review,historical_table,press_release,bulletin"
2022-05,13.76,13.15,13.37,13.642,range,12.5,13.8,,first,"press_release,review,historical_table,press_release,bulletin"
2022-06,21.32,15.0,13.76,14.28,range,14.5,15.5,,first,"press_release,review,press_release,press_release,bulletin"
2022-07,24.93,21.32,21.32,21.492,relative,,,,first,"press_release,review,historical_table,historical_table,bulletin"
2022-08,27.26,24.93,24.93,25.0,relative,,,,first,"review,press_release,press_release,historical_table,bulletin"
2022-10,26.56,21.75,23.2,22.965,range,21.0,22.5,month_inferred,later_vintage,"review,press_release,press_release,historical_table,bulletin"
2022-11,23.84,24.0,26.56,24.269,range,23.0,25.0,,first,"press_release,review,review,historical_table,bulletin"
2022-12,24.5,22.0,23.84,23.488,range,21.0,23.0,month_inferred,first,"press_release,press_release,review,historical_table,historical_table"
2023-01,27.55,25.0,24.5,24.817,range,24.0,26.0,,first,"press_release,press_release,review,press_release,historical_table"
2023-05,37.97,35.0,36.42,36.401,range,34.0,36.0,,first,"press_release,press_release,review,historical_table,press_release"
2023-06,29.4,32.0,37.97,31.776,range,31.0,33.0,,first,"press_release,press_release,review,press_release,press_release"
2023-07,28.31,26.0,29.4,26.841,range,25.0,27.0,,first,"press_release,press_release,review,historical_table,historical_table"
2023-08,27.38,30.0,28.31,26.629,range,29.0,31.0,pdf_created_after_month_end,first,"press_release,review,press_release,press_release,historical_table"
2023-09,31.44,30.0,27.38,29.757,range,29.0,31.0,,first,"historical_table,press_release,press_release,press_release,historical_table"
2023-10,26.89,28.0,31.44,28.663,range,27.0,29.0,,first,"press_release,review,press_release,press_release,historical_table"
2023-11,29.23,27.0,26.89,27.437,range,26.5,27.5,,first,"press_release,press_release,review,review,historical_table"
2023-12,29.66,28.0,29.23,28.348,range,27.5,28.5,,first,"press_release,press_release,press_release,review,historical_table"
2024-01,28.34,28.0,29.66,27.538,range,27.5,28.5,,first,"press_release,press_release,press_release,review,press_release"
2024-02,23.06,25.0,28.34,24.716,range,24.5,25.5,pdf_created_after_month_end,first,"press_release,press_release,press_release,press_release,historical_table"
2024-03,20.68,23.0,23.06,20.151,range,22.5,23.5,,first,"press_release,press_release,press_release,review,historical_table"
2024-04,17.34,19.0,20.68,19.127,range,18.5,19.5,,first,"press_release,press_release,review,review,historical_table"
2024-05,11.8,14.0,17.34,16.254,range,13.5,14.5,,first,"press_release,press_release,press_release,review,historical_table"
2024-06,12.57,13.0,11.8,13.661,range,12.5,13.5,,first,"press_release,press_release,press_release,review,press_release"
2024-10,7.17,6.5,6.93,8.159,range,6.0,7.0,,first,"press_release,press_release,review,press_release,press_release"
2024-11,4.86,6.3,7.17,6.135,range,5.8,6.8,,first,"press_release,press_release,press_release,review,review"
2024-12,4.1,4.5,4.86,4.074,range,4.0,5.0,,first,"press_release,press_release,press_release,press_release,review"
2025-02,1.5,2.5,2.41,3.661,range,2.0,3.0,,first,"press_release,press_release,press_release,press_release,press_release"
2025-03,0.7,1.25,1.5,1.115,range,1.0,1.5,,first,"press_release,press_release,press_release,press_release,review"
2025-04,0.3,1.75,0.7,1.901,range,1.5,2.0,,first,"press_release,press_release,press_release,review,review"
2025-05,3.46,1.75,0.3,3.448,range,1.5,2.0,,first,"historical_table,press_release,press_release,press_release,review"
2025-06,3.2,3.5,3.46,4.449,range,3.0,4.0,,first,"press_release,press_release,press_release,press_release,review"
2025-07,4.1,4.0,3.2,3.857,range,3.5,4.5,month_inferred,first,"press_release,press_release,press_release,press_release,review"
2025-08,2.99,4.5,4.1,4.886,range,4.0,5.0,,first,"press_release,press_release,press_release,review,press_release"
2025-09,5.6,4.0,2.99,4.361,range,3.5,4.5,,first,"press_release,press_release,historical_table,press_release,press_release"
2025-10,6.2,5.5,5.6,6.533,range,5.0,6.0,,first,"press_release,press_release,press_release,review,press_release"
2025-11,6.1,5.5,6.2,7.316,range,5.0,6.0,,first,"press_release,press_release,press_release,press_release,review"
2025-12,5.6,6.0,6.1,6.147,range,5.5,6.5,,first,"review,press_release,press_release,press_release,press_release"
2026-01,5.8,5.5,5.6,6.466,range,5.0,6.0,,first,"press_release,press_release,press_release,press_release,press_release"
2026-02,7.0,6.5,5.8,8.04,range,6.0,7.0,,first,"review,press_release,press_release,press_release,press_release"
2026-03,7.3,8.0,7.0,7.632,range,7.5,8.5,,first,"review,press_release,press_release,press_release,press_release"
2026-04,10.9,8.5,7.3,8.985,range,8.0,9.0,,first,"review,press_release,press_release,press_release,review"
2026-06,11.1,11.5,11.7,12.926,range,11.0,12.0,,first,"review,press_release,press_release,press_release,press_release"
2026-07,9.2,9.5,11.1,11.024,range,9.0,10.0,,first,"review,press_release,press_release,press_release,press_release"
2026-08,11.1,10.5,9.2,10.906,range,10.0,11.0,,first,"press_release,press_release,press_release,press_release,review"
