target_month,status,exclusion_reason,form,lo,hi,point,width,relative_to,flags,quote,page,file,sha256,pdf_created
2020-03,excluded,no_numeric_forecast,none,,,,,,,,,economic_updates_march_2020.pdf,9531edbb5f841a29bf16a3b0d99044c556982e5ba5ecee317187d33bdb61a956,20200331
2020-04,excluded,no_numeric_forecast,none,,,,,,,,,economic_updates_april_2020.pdf,ab37cc2a85f66acc27842d9e269cc6107263a679da3964997f4ed25fa8148847,20200428
2020-05,excluded,no_numeric_forecast,none,,,,,,,,,economic_updates_may_2020.pdf,a4d59f4b33ea2fc217b4441a5c51326d1ca56ded98846b0b81702444905c495f,20200528
2020-06,excluded,target_is_fiscal_year_average,point,10.7,10.7,10.7,0.0,,,"Inflation is, accordingly expected to remain at 10.7% that is below the earlier projection of 11.8% and is expected to further scale down to single digit in Fy2021.",7,economic_updates_june_2020.pdf,1e1982e89134bd376a60323dc21ea1a243db2ade9a3610530afff5c40665bf79,20200707
2020-07,excluded,no_numeric_forecast,none,,,,,,second_document_same_month,,,economic_updates_july_2020.pdf,6661a3bc03f85b4fcd45223e826d4008386c6ac40882a9b6792346b8157fbc58,20200727
2020-07,admitted,,range,7.6,9.3,8.45,1.7,,,"Thus, on the basis of the discussed dynamics, CPI inflation is expected to remain within a margin of 7.6 % and 9.3% in July FY 2021 where the higher and lower bounds of this range reflect probability margins surrounding model-based forecasts.",6,monthly_outlook_Jul_2020.pdf,32fd1d9f3c49337ac179a359d2662cd24924ac7bbc306e9d5687eef113cb18bc,20200727
2020-08,admitted,,range,8.4,9.7,9.05,1.3,,,"On the basis of this information headline inflation is expected to remain within a range of 8.4 to 9.7 percent in August 2020, where the higher and lower bounds of this range reflect probability margins surrounding model-based forecas ts.",12,economic_updates_and_outlook_august_2020.pdf,e49910275071fc1daa4eab551f9fd2da29525ebbfd6556696bbc50772a48f69f,20200825
2020-09,admitted,,range,7.8,9.0,8.4,1.2,,,"On the basis of this information, headline inflation is expected to remain within a range of 7.8 to 9.0% in September 2020, where the higher and lower bounds of this range reflect probability intervals in model-based forecasts.",12,economic_updates_and_outlook_september_2020.pdf,2a97c21c84abaafcf3532f8dba075f838200c143bf88747531eac0e182e46748,20200928
2020-10,excluded,no_numeric_forecast,none,,,,,,,,,economic_update_october_2020.pdf,de4fa7a28c5be4eecaf2f57bfef5a5da3f053da9536fd905e3fb0fde712c90a1,20201027
2020-11,admitted,,range,7.6,9.0,8.3,1.4,,also_states_point_8.5,YoY headline inflation in November is expected to settle around 8.5 percent ( but within a broad uncertainty margin between 7.6 and 9.0 percent) compared to 8.9 percen t in October 2020 and 11.0 percent in October 2019.,13,economic_update_november_2020.pdf,dee9ccf0594378abb42db7b5b3a1956cdf15f81666980a01d3ee830072807e68,20201126
2020-12,admitted,,range,7.8,8.3,8.05,0.5,,,"Thus, for YoY in December, inflation is expected to fall within a range of 7.8 and 8.3 percent.",12,economic_update_december_2020.pdf,84c2f05951b068d4824d7173cf679336df076e4ba191c214ed6040bf78ac8ae4,20201223
2021-01,admitted,,range,7.2,8.2,7.699999999999999,1.0,,,It is expected that the declining trend in YoY inflation will continue in January within a range of 7.2 to 8.2 percent.,10,economic_update_january_2021.pdf,ba85c11b5f613542ffa2fb2e2558c492e4d7e87fe1a548707dcfaa340e08f875,20210126
2021-02,excluded,target_month_ambiguous_next_month,range,5.5,7.5,6.5,2.0,,,"Taking all these observations into account, YoY inflation for next month may remain between 5.5-7.5 percent.",10,economic_update_february_2021.pdf,38e2f09c468837f224c07810f2877c42445997b64cac38d9c0c79d26ffdd833e,20210226
2021-03,excluded,target_month_ambiguous_next_month,range,7.9,9.5,8.7,1.6,,,For next month it is expected to remain between 7.9 and 9.5 percent.,10,economic_update_march_2021.pdf,cd153ae95f329e7015430ccc068ce803ac96d4a0bf7306891cfd20211cc5cd6b,20210324
2021-04,excluded,target_month_ambiguous_next_month,range,8.0,9.5,8.75,1.5,,recovered_from_wayback_20210501030402,"All in all, inflation is expected to remain between 8.0 - 9.5 percent next month.",10,economic_update_april_2021.pdf,5eb56095d0b3c2419de3d7cbd5287039b7b1066784cd5551d9fbac3013db99f9,20210426
2021-05,admitted,,range,9.0,9.8,9.4,0.8,,,"Therefore, YoY inflation in May is expected to settle between 9.0 – 9.8 percent.",11,economic_update_may_2021.pdf,7e02d4691272e62a74afb0863b804cb75c0688b526174ad48da90274896c609b,20210525
2021-06,admitted,,range,8.8,10.2,9.5,1.4,,also_states_conditional_point_9.8,"Thus, on YoY basis, it is expected that inflation in June 2021 to settle within probability margins of (8.8 – 10.2 percent).",12,economic_update_june_2021.pdf,9e7c1745b5703585f4b197dbc7553d1dc5a7ae5dda3f1743674ad5c88c56d221,20210628
2021-07,admitted,,range,7.5,9.0,8.25,1.5,,,"The dividends of positive market intervention may eased the pressure on pr ices and as a result YoY inflation in July, 2021 is expected to decelerate keeping it in the range of 7.5 – 9.0 percent.",10,economic_update_july_2021.pdf,ec7ffc2263d4379a94e09381610e89c9134b51ec9dffb2083ed7d3636c4421d4,20210726
2021-08,admitted,,range,7.6,9.2,8.399999999999999,1.6,,,"Thus, all in all, YoY inflation in August is expected to fluctuate around the level attained in July within a range of 7.6 – 9.2 percent.",12,economic_update_August_2021.pdf,8ca02b8375e0243aae55ed0f859a38dd6eaa4b6cf293ccca992871051bbbe10a,20210823
2021-09,admitted,,range,7.5,8.4,7.95,0.9,,,"Inflation rate in September 2021 is expected between 7.5 to 8.4 percent. o Since March 2021, the MEI is on a higher level as compared to the previous months.",3,economic_update_September_2021.pdf,1cb018734452c7abcacc1fffa15137b2c9a2768059374c3a30ae26da67ba9e21,20210924
2021-10,excluded,directional_only,none,,,,,,,"YoY inflation rate in October is expected to settle below the level observed in September, but the probability range is wide.",13,economic_update_October_2021.pdf,86883e196ed4e7b54e26c24e68589ce80f911b1de204a548875773d584463890,20211025
2021-11,admitted,,range,8.5,9.5,9.0,1.0,,,"Taking into account new price impulses in November and the low base effect, it is expected that inflation may remain 8.5 to 9.5 percent.",13,economic_update_November_2021.pdf,eddb5c67c7b474309bffd38cf91447a19589aba4e4d19556ad3bd9985baa8974,20211126
2021-12,excluded,directional_only,none,,,,,,,"Although the forecast probability margins are wide, most likely, YoY inflation is expected to remain in double digit in December but slightly less than the last month number.",12,economic_update_December_2021.pdf,a53e758e5fafd0888a1619497a61855e97504a737ac09194ad04dc881737098f,
2022-01,excluded,directional_only,none,,,,,,,"But even if this would be reflected in the overall CPI index, Yo Y inflation in January 2022 may slightly increase while a decline is expected on MoM basis.",14,economic_update_january_2022.pdf,380baeb7b758312a57c047c34020813be80d2eb8787e4e69b8d6c3f933ef2acd,20220126
2022-02,excluded,directional_only,none,,,,,,,But on YoY basis inflation is expected to decelerate. ▪ The MEI remains strong in Decemb er.,3,economic_update_February_2022.pdf,28982e8fe6c9bcfe90f7c49d1e94050d14f3304b06cfa21b95c02b040c4f626d,20220225
2022-03,admitted,,range,9.5,11.5,10.5,2.0,,month_inferred,"Still, YoY inflation is expected to remain within the 9.5 to 11.5 percent territory.",13,economic_update_March_2022.pdf,e3507f9a81daea98f8e14f10c419dde5b83973f0c09ba8165b1f8c30878e159c,20220325
2022-04,admitted,,range,11.5,12.5,12.0,1.0,,,"However, based on currently available information, YoY inflation for the month of April may remain within a range of 11.5 to 12.5 percent.",12,economic_update_April_2022.pdf,ffb27bd3fdabdcf345fa7f97c3903ef28bb182a67e518df31f10d53a18407a0d,20220429
2022-05,admitted,,range,12.5,13.8,13.15,1.3,,,"For May 2022, the YoY inflation rate is expected to remain between 12.5 and 13.8 percent.",11,economic_update_may_2022.pdf,4e3135b75aed19c5929501bce1801bf76914915f7117436a5d75aaa3453ba7e3,
2022-06,admitted,,range,14.5,15.5,15.0,1.0,,,"In this scenario, YoY inflation is expected to accelerate in June and may remain within range of 14.5 -15.5 percent.",11,economic_update_June_2022.pdf,72fbb6c117b63a8633034a68cd1fd8c7cb9645acf668362b42498e30c76dc32a,20220629
2022-07,admitted,,relative,,,,,2022-06,,"Thus, YoY inflation in July 2022, may hoover around t he level observed in June which is also due to a low base of 8.4 percent in July 2021.",13,economic_update_July_2022.pdf,b96a203bc98cbe89b52b3f4d17254c1b6bc18a0c3fc1bd64a12fc1a3ce734073,
2022-08,admitted,,relative,,,,,2022-07,,"Taking into account, the expectation that domestic retail prices may further increase in Aug ust 2022 compared to Jul y 2022, even if there would not be any further MoM increase in Aug ust 2022, YoY inflation will settle at nearly the same level as the one observed in July 2022.",11,economic_update_August_2022.pdf,bb8f214f8227c466eca3112d64e8466cbe0fff3a264c3f8c62ca214a9e726116,
2022-09,excluded,directional_only,none,,,,,,,"All in all, September may show a halt to the recent drastic accelerations of the YoY inflation rate.",7,economic_update_September_2022.pdf,36553aadd284097a8e12463c0a934cbf3b91200dec4875ae1960861e9f49b257,20220927
2022-10,admitted,,range,21.0,22.5,21.75,1.5,,month_inferred,It is expected that CPI inflation will remain in the range of 21- 22.5%.,8,economic_update_October_2022.pdf,3e2cbb8026344442e63c6087e5bb84ac0e0cb073770f516435707d1d93202016,20221030
2022-11,admitted,,range,23.0,25.0,24.0,2.0,,,It is expected that CPI inflation on a YoY basis will marginally decline in the month of November and may remain in the range of 23-25 percent.,8,economic_update_November_2022.pdf,4188e539946b5f2c9ce48db6118d6970038ff2eed8770817ce9e07a7cf1a5234,20221125
2022-12,admitted,,range,21.0,23.0,22.0,2.0,,month_inferred,It is expected that CPI inflation will remain in the range of 21-23%.,8,economic_update_December_2022.pdf,dae4da6f9b36d2989aabce5110066838eb46fea6fa7fd1fef7c1d3afc3a13dcb,20221230
2023-01,admitted,,range,24.0,26.0,25.0,2.0,,,"The CPI inflation on YoY basis for January 2023, is forecasted in the range of 24-26 percent.",9,economic_update_January_2023.pdf,03b3ae2379abca9d781ba598a4f84062723e4b953be70a34bf17b3ec9bf416a1,20230131
2023-02,excluded,target_month_ambiguous_coming_months,range,28.0,30.0,29.0,2.0,,,It is expected that inflation will remain around 28 to 30 percent in coming months.,8,economic_update_February_2023.pdf,4f8e8e786d0835d95318c773a9bbbd985d14b0f40951b48fad2afc3caebaa6cf,20230228
2023-03,excluded,no_numeric_forecast,none,,,,,,,,,economic_update_March_2023.pdf,0f47f96ec0591d320a5620d921a955cdb2b857de1cffeafe94d5260a914044a0,20230331
2023-04,excluded,text_not_machine_readable,none,,,,,,text_drawn_as_vector_shapes,,,economic_update_April_2023.pdf,bab3d3725ba3ae7c8251f177caf3f94231a5a2ad2b191ce78e7f5cf5d71468c7,20230428
2023-05,admitted,,range,34.0,36.0,35.0,2.0,,,The inflation for the month of May 2023 may remain in the range of 34-36 percent.,7,economic_update_May_2023.pdf,90634a76efc2c84d1f658002b434143906c1de8c1481ad071eb177b7aba48a3a,20230530
2023-06,admitted,,range,31.0,33.0,32.0,2.0,,,3.1 Inflation The inflation rate for the month of June 2023 has been projected to remain in the range of 31-33 percent.,8,economic_update_June_2023.pdf,9433a0bb604fe9933a5f2a54afa5c1ed6c0a176775b9ad99b38517305158d63d,20230627
2023-07,admitted,,range,25.0,27.0,26.0,2.0,,,The inflation for the month of July 2023 is expected to remain in the range of 25-27 percent.,8,economic_update_July_2023.pdf,ef7acac292399743a87691fdccf0f4fda80443bfbbde6076eebc66cbc4330bdd,20230726
2023-08,admitted,,range,29.0,31.0,30.0,2.0,,pdf_created_after_month_end,"In view of above, inflation is anticipated to remain around 29 to 31 percent in August 2023.",8,economic_update_August_2023.pdf,e44e3cf34ac19a4a6ff517929c381554dd45d2fd8d1b20fd27aea8f80229b083,20230906
2023-09,admitted,,range,29.0,31.0,30.0,2.0,,,"In September 2023, it is expected to be around 29 to 31 percent.",10,economic_update_September_2023.pdf,1612a5a7a0e44f28e6f06a43c0ea1198d929224403e016da4ecce1a2baec3f28,20230928
2023-10,admitted,,range,27.0,29.0,28.0,2.0,,,The projection of inflation is hovering around 27 to 29 percent for October 2023.,10,economic_update_October_2023.pdf,5cd726bc2a848b67e2dd7563b6b189b83bb8ddae7187aaae2d9bb94466300543,20231031
2023-11,admitted,,range,26.5,27.5,27.0,1.0,,,"In view of the above, inflation is anticipated to remain low and expected to remain around 26.5-27.5 percent in November 2023 and further ease out to 25.5-26.5 percent in December 2023.",9,economic_update_November_2023.pdf,70c51328bf603380836d1e9fe2751c13e196b61f89013259297145090f880155,20231127
2023-12,admitted,,range,27.5,28.5,28.0,1.0,,,Inflation is anticipated to remain around 27.5-28.5 percent in December 2023 and further ease out to 24-25 percent in January 2024.,9,economic_update_December_2023.pdf,56f84c4b48e187092f6d0bbd225ed7c8f56c13f27955400ca30205092575f233,20231227
2024-01,admitted,,range,27.5,28.5,28.0,1.0,,,"Keeping in view the above coupled with the high base effect, inflation is anticipated to remain around 27.5-28.5 percent in January 2024 and further ease out to 26.5-27.5 percent in February 2024.",9,economic_update_January_2024.pdf,82f603ad3ecc4aa99adce63ed734064a63ff92aaaa8f1a7fcf96fe4bd21febba,20240131
2024-02,admitted,,range,24.5,25.5,25.0,1.0,,pdf_created_after_month_end,"Considering these factors, inflation is projected to hover around 24.5-25.5 percent in February 2024, with expectations of a further easing to 23.5-24.5 percent in March 2024.",10,economic_update_February_2024.pdf,4c82e64130aabecacf57af15733dc3d720e578a214f0e4721e9db6e4e2898a01,20240301
2024-03,admitted,,range,22.5,23.5,23.0,1.0,,,"Considering these multifaceted factors, inflation is projected to hover around 22.5- 23.5 percent in March 2024.",8,economic_update_March_2024.pdf,7730966c821736c3849b52a6f0fb551b1b933cd6006cd8e78920a9d15585b843,20240329
2024-04,admitted,,range,18.5,19.5,19.0,1.0,,,Inflation is projected to hover around 18.5- 19.5 percent in April 2024.,9,economic_update_April_2024.pdf,3c37fd4048ef3c2871a61873ac23ba1dbccf629be58c7c71c97f0176459a6b22,20240430
2024-05,admitted,,range,13.5,14.5,14.0,1.0,,,Fig-7: Monthly Economic Indicator (MEI) Inflation is anticipated to remain within the range of 13.5-14.5 percent for May 2024.,9,economic_update_May_2024.pdf,f14c4d076c9f34199594f62d5d7554c70610cd426d6fbf9d6cf51218971d3ba8,20240529
2024-06,admitted,,range,12.5,13.5,13.0,1.0,,,"Despite higher prices of perishable items during the month, government measures to reduce transport charges are expected to keep June 2024 inflation within the range of 12.5-13.5 percent.",8,economic_update_June_2024.pdf,7c1b85ec23282967c68754dada2e9bb34da143d42c63700d62458d5d93481a77,20240628
2024-07,excluded,no_numeric_forecast,none,,,,,,,,,economic_update_July_2024.pdf,ef584f2c17760ccec44c6d753a586b1db1557a1219fcea05f3776cd18cd865b9,20240730
2024-08,excluded,no_numeric_forecast,none,,,,,,,,,economic_update_August_2024.pdf,c8cd4f08653b427075c12f320546589df3bec193184cdefee8bdba5a9d6d7c7c,20240830
2024-09,excluded,directional_only,none,,,,,,,"CPI ination dropped to single digit, further decrease is anticipated in near term.",1,economic_update_September_2024.pdf,737e358de985dfc0c32f9aafe9939fa0dd55f9dc420824dbe3faf69c0bddf855,20240927
2024-10,admitted,,range,6.0,7.0,6.5,1.0,,,It is expected that inflation will remain within range of 6-7% in October and further down to 5.5 – 6.5% by November 2024.,3,economic_update_October_2024.pdf,94a874f524fec5029230f097616439aeb90bb3678d33f553a38260d71b009caf,20241030
2024-11,admitted,,range,5.8,6.8,6.3,1.0,,,"Inflation is expected to remain within the range of 5.8% - 6.8% in November, further receding to 5.6% - 6.5% by December 2024.",3,economic_update_November_2024.pdf,714446aa51785099ed415fce7168192eb7fd337ef3874eba328bd9a28163dec7,20241127
2024-12,admitted,,range,4.0,5.0,4.5,1.0,,,This will be complemented with exchange rate stability and contained inflation – which is anticipated to remain within the range of 4.0- 5.0 percent for December 2024.,3,economic_update_December_2024.pdf,433d498bc2a6ef65dde6681b68107d6ae19223e3a3f07836de5ffdb666d3755b,20241227
2025-02,admitted,,range,2.0,3.0,2.5,1.0,,,"Inflation is anticipated to remain within the range of 2.0-3.0 percent for February 2025, however, there are prospects of a slight increase to 3.0-4.0 percent by March 2025.",3,economic_update_February_2025.pdf,3dd915fc34fcb0bc8ca605a1dad26d6c99d1973dd1f31afdc32cbfa9f150c54b,20250226
2025-03,admitted,,range,1.0,1.5,1.25,0.5,,,Inflation is anticipated to remain within the range of 1.0-1.5 percent for March 2025 and inching up to 2.0-3.0 percent in April 2025.,4,economic_update_March_2025.pdf,4c06869a17919ebd4762b2a0e9a4c90d631b8472db2fbd6f7977b41c44148c7e,20250324
2025-04,admitted,,range,1.5,2.0,1.75,0.5,,,"Inflation is projected to remain between 1.5 - 2.0 percent in April, with a possible rise to 3.0 - 4.0 percent by May 2025.",2,economic_update_april_2025.pdf,0fd5dd69552dcfe9d14e47f43d0fe59ffc968467ba7cd5a3265b4d4d62166c64,20250424
2025-05,admitted,,range,1.5,2.0,1.75,0.5,,,"Inflation is projected to remain between 1.5 - 2.0 percent in May, with a possible rise to 3.0 - 4.0 percent by June 2025.",3,economic_update_n_outlook_may2025.pdf,1809a7203524532ea87b0ed0bdec9251b8af2b5f44857447e833593030716b17,20250529
2025-06,admitted,,range,3.0,4.0,3.5,1.0,,,"Similarly, the market capitalization of PSX Inflation is expected to remain within the range of 3.0-4.0 percent for June 2025.",3,economic_outlook_june2025.pdf,6566c58e4ecac3e41e1ec1145a038d30d39fca01304a4ebca4fe00df2157d663,20250630
2025-07,admitted,,range,3.5,4.5,4.0,1.0,,month_inferred,"Inflation is projected to remain within 3.5 to 4.5 percent, though risks from recent heavy rains may affect agricultural yields and supply chains.",3,economic_outlook_july2025.pdf,44af70391cf352ac06bcfee715e34781136c6048e8d88ebb757340f163e5e5be,20250728
2025-08,admitted,,range,4.0,5.0,4.5,1.0,,,"Inflation is projected to remain within the range of 4.0-5.0 percent in August, 2025.",3,economic_outlook_august2025.pdf,4afd06e20c0ea10ba370a5abea16bcc076e447029ae9b3e6e2131fdd765715e5,20250828
2025-09,admitted,,range,3.5,4.5,4.0,1.0,,,"As a result, inflation is expected to rise temporarily but remain contained within the 3.5–4.5 percent range in September 2025.",3,economic_update_outlook_sep_2025.pdf,0de81bad41af82a6cb552d4e3f3b3fb2b77c5e93989287fd229f49fd407b611d,20250929
2025-10,admitted,,range,5.0,6.0,5.5,1.0,,,Inflation is expected to remain in the range of 5-6 percent in October 2025.,3,economic_update_outlook_oct_2025.pdf,3eb9f73085f7addcc110766183e9bd0c6d99dca8112484c2d20e519c9063619e,20251027
2025-11,admitted,,range,5.0,6.0,5.5,1.0,,,"However, inflation is expected to remain in the range of 5.0-6.0 percent in November, due to pressures on food prices and agriculture output.",3,economic_update_outlook_nov_2025.pdf,16f91064a02ec81a830964e120cc2293d59e24f4227a05958705096e75755264,20251128
2025-12,admitted,,range,5.5,6.5,6.0,1.0,,,"Inflation is projected to remain moderate, in the range of 5.5-6.5 percent in December, primarily reflecting base effect.",3,economic_update_outlook_dec_2025.pdf,e42ea9f030329241ad76964eaffbce670df992659fe2665bd1e3fbbd8c012bb7,20251231
2026-01,admitted,,range,5.0,6.0,5.5,1.0,,,Inflation is expected to remain within the range of 5.0-6.0 percent in January.,3,economic_update_outlook_jan_2026.pdf,30a5e00ad5a21777ed7d6dbad13ce1884c574be1c64b3262f2f587f351896189,20260127
2026-02,admitted,,range,6.0,7.0,6.5,1.0,,,Inflation is expected to remain within the range of 6.0-7.0 percent in February.,4,economic_update_outlook_feb_2026.pdf,9b330902ef928aabf226d06b3bb8e191cfd9751e733ea07b1d988cb4948d59ff,20260227
2026-03,admitted,,range,7.5,8.5,8.0,1.0,,,Inflation is anticipated to remain within the range of 7.5-8.5 percent for March 2026.,4,economic_update_outlook_mar_2026.pdf,6d71863baeb8d16232dadd468059df6cc6147ea49c855792617c3a976c057224,20260331
2026-04,admitted,,range,8.0,9.0,8.5,1.0,,,"Amid ongoing supply chain constraints, inflation is anticipated to remain within the range of 8.0-9.0 percent for April 2026.",4,Monthly_Economic_Update_and_Outlook_April_2026.pdf,201986d5851f460d1cd9bd8209c9904a01fccac10f42abd7358311052ec5ab4f,20260430
2026-05,excluded,no_numeric_forecast,none,,,,,,,"Henceforth, inflation is expected to remain in the target range in FY2026.",4,Monthly_Economic_Update_and_Outlook_May_2026.pdf,e0c861b4968dac9783edd60271f8f74fb86c2ccdc6f2166d7c032bee66fcb4bb,20260630
2026-06,admitted,,range,11.0,12.0,11.5,1.0,,,Inflation is anticipated to remain within the range of 11-12 percent for June 2026.,4,Monthly_Economic_Update_and_Outlook_June_2026.pdf,fa870c4205e4faa0f2452a3544160a7d8fe38840a2fe4fbd34f8e326fce04ca9,20260630
2026-07,admitted,,range,9.0,10.0,9.5,1.0,,,"Inflation, however, is expected to remain elevated in the near term, with CPI inflation projected in the range of 9.0-10.0 percent in July 2026, Focus on Poverty Alleviation and Social Protection Continued.",4,Monthly_Economic_Update_and_Outlook_July_2026.pdf,2b2526d80a9eb134b188218f0c42d804909bd7ee82e60241a26ef9d31dec9b28,20260730
2026-08,admitted,,range,10.0,11.0,10.5,1.0,,,"For August 2026, CPI inflation is expected to remain in the range of 10 to 11 percent.",4,Monthly_Economic_Update_and_Outlook_August_2026.pdf,2493e83bb580bbec8932324ec4a664ce29ab643099fa9386e4b998552bfc4dbc,20260831
