week_ending,index,first_seen_in,first_seen_utc
2026-07-23,360.88,3.-SPI-Report-24.09.2026.xlsx,2026-09-30T12:30:41+00:00
2026-07-30,357.61,3.-SPI-Report-24.09.2026.xlsx,2026-09-30T12:30:41+00:00
2026-08-06,358.6,3.-SPI-Report-24.09.2026.xlsx,2026-09-30T12:30:41+00:00
2026-08-13,359.15,3.-SPI-Report-24.09.2026.xlsx,2026-09-30T12:30:41+00:00
2026-08-20,360.9,3.-SPI-Report-24.09.2026.xlsx,2026-09-30T12:30:41+00:00
2026-08-27,361.07,3.-SPI-Report-24.09.2026.xlsx,2026-09-30T12:30:41+00:00
2026-09-03,363.42,3.-SPI-Report-24.09.2026.xlsx,2026-09-30T12:30:41+00:00
2026-09-10,364.26,3.-SPI-Report-24.09.2026.xlsx,2026-09-30T12:30:41+00:00
2026-09-17,366.05,3.-SPI-Report-24.09.2026.xlsx,2026-09-30T12:30:41+00:00
2026-09-24,369.69,3.-SPI-Report-24.09.2026.xlsx,2026-09-30T12:30:41+00:00
