file,url,sha256,pages,status
Monthly_Economic_Update_and_Outlook_April_2026.pdf,https://www.finance.gov.pk/economic/Monthly_Economic_Update_and_Outlook_April_2026.pdf,201986d5851f460d1cd9bd8209c9904a01fccac10f42abd7358311052ec5ab4f,7,ok
Monthly_Economic_Update_and_Outlook_August_2026.pdf,https://www.finance.gov.pk/economic/Monthly_Economic_Update_and_Outlook_August_2026.pdf,2493e83bb580bbec8932324ec4a664ce29ab643099fa9386e4b998552bfc4dbc,7,ok
Monthly_Economic_Update_and_Outlook_July_2026.pdf,https://www.finance.gov.pk/economic/Monthly_Economic_Update_and_Outlook_July_2026.pdf,2b2526d80a9eb134b188218f0c42d804909bd7ee82e60241a26ef9d31dec9b28,8,ok
Monthly_Economic_Update_and_Outlook_June_2026.pdf,https://www.finance.gov.pk/economic/Monthly_Economic_Update_and_Outlook_June_2026.pdf,fa870c4205e4faa0f2452a3544160a7d8fe38840a2fe4fbd34f8e326fce04ca9,7,ok
Monthly_Economic_Update_and_Outlook_May_2026.pdf,https://www.finance.gov.pk/economic/Monthly_Economic_Update_and_Outlook_May_2026.pdf,e0c861b4968dac9783edd60271f8f74fb86c2ccdc6f2166d7c032bee66fcb4bb,7,ok
economic_outlook_august2025.pdf,https://www.finance.gov.pk/economic/economic_outlook_august2025.pdf,4afd06e20c0ea10ba370a5abea16bcc076e447029ae9b3e6e2131fdd765715e5,6,ok
economic_outlook_july2025.pdf,https://www.finance.gov.pk/economic/economic_outlook_july2025.pdf,44af70391cf352ac06bcfee715e34781136c6048e8d88ebb757340f163e5e5be,6,ok
economic_outlook_june2025.pdf,https://www.finance.gov.pk/economic/economic_outlook_june2025.pdf,6566c58e4ecac3e41e1ec1145a038d30d39fca01304a4ebca4fe00df2157d663,6,ok
economic_update_April_2022.pdf,https://www.finance.gov.pk/economic/economic_update_April_2022.pdf,ffb27bd3fdabdcf345fa7f97c3903ef28bb182a67e518df31f10d53a18407a0d,16,ok
economic_update_April_2023.pdf,https://www.finance.gov.pk/economic/economic_update_April_2023.pdf,bab3d3725ba3ae7c8251f177caf3f94231a5a2ad2b191ce78e7f5cf5d71468c7,11,ok
economic_update_April_2024.pdf,https://www.finance.gov.pk/economic/economic_update_April_2024.pdf,3c37fd4048ef3c2871a61873ac23ba1dbccf629be58c7c71c97f0176459a6b22,12,ok
economic_update_August_2021.pdf,https://www.finance.gov.pk/economic/economic_update_August_2021.pdf,8ca02b8375e0243aae55ed0f859a38dd6eaa4b6cf293ccca992871051bbbe10a,16,ok
economic_update_August_2022.pdf,https://www.finance.gov.pk/economic/economic_update_August_2022.pdf,bb8f214f8227c466eca3112d64e8466cbe0fff3a264c3f8c62ca214a9e726116,15,ok
economic_update_August_2023.pdf,https://www.finance.gov.pk/economic/economic_update_August_2023.pdf,e44e3cf34ac19a4a6ff517929c381554dd45d2fd8d1b20fd27aea8f80229b083,11,ok
economic_update_August_2024.pdf,https://www.finance.gov.pk/economic/economic_update_August_2024.pdf,c8cd4f08653b427075c12f320546589df3bec193184cdefee8bdba5a9d6d7c7c,5,ok
economic_update_December_2021.pdf,https://www.finance.gov.pk/economic/economic_update_December_2021.pdf,a53e758e5fafd0888a1619497a61855e97504a737ac09194ad04dc881737098f,16,ok
economic_update_December_2022.pdf,https://www.finance.gov.pk/economic/economic_update_December_2022.pdf,dae4da6f9b36d2989aabce5110066838eb46fea6fa7fd1fef7c1d3afc3a13dcb,12,ok
economic_update_December_2023.pdf,https://www.finance.gov.pk/economic/economic_update_December_2023.pdf,56f84c4b48e187092f6d0bbd225ed7c8f56c13f27955400ca30205092575f233,11,ok
economic_update_December_2024.pdf,https://www.finance.gov.pk/economic/economic_update_December_2024.pdf,433d498bc2a6ef65dde6681b68107d6ae19223e3a3f07836de5ffdb666d3755b,7,ok
economic_update_February_2022.pdf,https://www.finance.gov.pk/economic/economic_update_February_2022.pdf,28982e8fe6c9bcfe90f7c49d1e94050d14f3304b06cfa21b95c02b040c4f626d,17,ok
economic_update_February_2023.pdf,https://www.finance.gov.pk/economic/economic_update_February_2023.pdf,4f8e8e786d0835d95318c773a9bbbd985d14b0f40951b48fad2afc3caebaa6cf,11,ok
economic_update_February_2024.pdf,https://www.finance.gov.pk/economic/economic_update_February_2024.pdf,4c82e64130aabecacf57af15733dc3d720e578a214f0e4721e9db6e4e2898a01,13,ok
economic_update_February_2025.pdf,https://www.finance.gov.pk/economic/economic_update_February_2025.pdf,3dd915fc34fcb0bc8ca605a1dad26d6c99d1973dd1f31afdc32cbfa9f150c54b,7,ok
economic_update_January_2023.pdf,https://www.finance.gov.pk/economic/economic_update_January_2023.pdf,03b3ae2379abca9d781ba598a4f84062723e4b953be70a34bf17b3ec9bf416a1,12,ok
economic_update_January_2024.pdf,https://www.finance.gov.pk/economic/economic_update_January_2024.pdf,82f603ad3ecc4aa99adce63ed734064a63ff92aaaa8f1a7fcf96fe4bd21febba,12,ok
economic_update_July_2022.pdf,https://www.finance.gov.pk/economic/economic_update_July_2022.pdf,b96a203bc98cbe89b52b3f4d17254c1b6bc18a0c3fc1bd64a12fc1a3ce734073,17,ok
economic_update_July_2023.pdf,https://www.finance.gov.pk/economic/economic_update_July_2023.pdf,ef7acac292399743a87691fdccf0f4fda80443bfbbde6076eebc66cbc4330bdd,11,ok
economic_update_July_2024.pdf,https://www.finance.gov.pk/economic/economic_update_July_2024.pdf,ef584f2c17760ccec44c6d753a586b1db1557a1219fcea05f3776cd18cd865b9,4,ok
economic_update_June_2022.pdf,https://www.finance.gov.pk/economic/economic_update_June_2022.pdf,72fbb6c117b63a8633034a68cd1fd8c7cb9645acf668362b42498e30c76dc32a,15,ok
economic_update_June_2023.pdf,https://www.finance.gov.pk/economic/economic_update_June_2023.pdf,9433a0bb604fe9933a5f2a54afa5c1ed6c0a176775b9ad99b38517305158d63d,11,ok
economic_update_June_2024.pdf,https://www.finance.gov.pk/economic/economic_update_June_2024.pdf,7c1b85ec23282967c68754dada2e9bb34da143d42c63700d62458d5d93481a77,11,ok
economic_update_March_2022.pdf,https://www.finance.gov.pk/economic/economic_update_March_2022.pdf,e3507f9a81daea98f8e14f10c419dde5b83973f0c09ba8165b1f8c30878e159c,17,ok
economic_update_March_2023.pdf,https://www.finance.gov.pk/economic/economic_update_March_2023.pdf,0f47f96ec0591d320a5620d921a955cdb2b857de1cffeafe94d5260a914044a0,12,ok
economic_update_March_2024.pdf,https://www.finance.gov.pk/economic/economic_update_March_2024.pdf,7730966c821736c3849b52a6f0fb551b1b933cd6006cd8e78920a9d15585b843,11,ok
economic_update_March_2025.pdf,https://www.finance.gov.pk/economic/economic_update_March_2025.pdf,4c06869a17919ebd4762b2a0e9a4c90d631b8472db2fbd6f7977b41c44148c7e,8,ok
economic_update_May_2023.pdf,https://www.finance.gov.pk/economic/economic_update_May_2023.pdf,90634a76efc2c84d1f658002b434143906c1de8c1481ad071eb177b7aba48a3a,10,ok
economic_update_May_2024.pdf,https://www.finance.gov.pk/economic/economic_update_May_2024.pdf,f14c4d076c9f34199594f62d5d7554c70610cd426d6fbf9d6cf51218971d3ba8,11,ok
economic_update_November_2021.pdf,https://www.finance.gov.pk/economic/economic_update_November_2021.pdf,eddb5c67c7b474309bffd38cf91447a19589aba4e4d19556ad3bd9985baa8974,18,ok
economic_update_November_2022.pdf,https://www.finance.gov.pk/economic/economic_update_November_2022.pdf,4188e539946b5f2c9ce48db6118d6970038ff2eed8770817ce9e07a7cf1a5234,11,ok
economic_update_November_2023.pdf,https://www.finance.gov.pk/economic/economic_update_November_2023.pdf,70c51328bf603380836d1e9fe2751c13e196b61f89013259297145090f880155,12,ok
economic_update_November_2024.pdf,https://www.finance.gov.pk/economic/economic_update_November_2024.pdf,714446aa51785099ed415fce7168192eb7fd337ef3874eba328bd9a28163dec7,6,ok
economic_update_October_2021.pdf,https://www.finance.gov.pk/economic/economic_update_October_2021.pdf,86883e196ed4e7b54e26c24e68589ce80f911b1de204a548875773d584463890,17,ok
economic_update_October_2022.pdf,https://www.finance.gov.pk/economic/economic_update_October_2022.pdf,3e2cbb8026344442e63c6087e5bb84ac0e0cb073770f516435707d1d93202016,11,ok
economic_update_October_2023.pdf,https://www.finance.gov.pk/economic/economic_update_October_2023.pdf,5cd726bc2a848b67e2dd7563b6b189b83bb8ddae7187aaae2d9bb94466300543,13,ok
economic_update_October_2024.pdf,https://www.finance.gov.pk/economic/economic_update_October_2024.pdf,94a874f524fec5029230f097616439aeb90bb3678d33f553a38260d71b009caf,6,ok
economic_update_September_2021.pdf,https://www.finance.gov.pk/economic/economic_update_September_2021.pdf,1cb018734452c7abcacc1fffa15137b2c9a2768059374c3a30ae26da67ba9e21,16,ok
economic_update_September_2022.pdf,https://www.finance.gov.pk/economic/economic_update_September_2022.pdf,36553aadd284097a8e12463c0a934cbf3b91200dec4875ae1960861e9f49b257,10,ok
economic_update_September_2023.pdf,https://www.finance.gov.pk/economic/economic_update_September_2023.pdf,1612a5a7a0e44f28e6f06a43c0ea1198d929224403e016da4ecce1a2baec3f28,12,ok
economic_update_September_2024.pdf,https://www.finance.gov.pk/economic/economic_update_September_2024.pdf,737e358de985dfc0c32f9aafe9939fa0dd55f9dc420824dbe3faf69c0bddf855,5,ok
economic_update_april_2021.pdf,https://www.finance.gov.pk/economic/economic_update_april_2021.pdf,,0,error: HTTP Error 404: Not Found
economic_update_april_2025.pdf,https://www.finance.gov.pk/economic/economic_update_april_2025.pdf,0fd5dd69552dcfe9d14e47f43d0fe59ffc968467ba7cd5a3265b4d4d62166c64,6,ok
economic_update_december_2020.pdf,https://www.finance.gov.pk/economic/economic_update_december_2020.pdf,84c2f05951b068d4824d7173cf679336df076e4ba191c214ed6040bf78ac8ae4,16,ok
economic_update_february_2021.pdf,https://www.finance.gov.pk/economic/economic_update_february_2021.pdf,38e2f09c468837f224c07810f2877c42445997b64cac38d9c0c79d26ffdd833e,14,ok
economic_update_january_2021.pdf,https://www.finance.gov.pk/economic/economic_update_january_2021.pdf,ba85c11b5f613542ffa2fb2e2558c492e4d7e87fe1a548707dcfaa340e08f875,15,ok
economic_update_january_2022.pdf,https://www.finance.gov.pk/economic/economic_update_january_2022.pdf,380baeb7b758312a57c047c34020813be80d2eb8787e4e69b8d6c3f933ef2acd,19,ok
economic_update_july_2021.pdf,https://www.finance.gov.pk/economic/economic_update_july_2021.pdf,ec7ffc2263d4379a94e09381610e89c9134b51ec9dffb2083ed7d3636c4421d4,14,ok
economic_update_june_2021.pdf,https://www.finance.gov.pk/economic/economic_update_june_2021.pdf,9e7c1745b5703585f4b197dbc7553d1dc5a7ae5dda3f1743674ad5c88c56d221,16,ok
economic_update_march_2021.pdf,https://www.finance.gov.pk/economic/economic_update_march_2021.pdf,cd153ae95f329e7015430ccc068ce803ac96d4a0bf7306891cfd20211cc5cd6b,13,ok
economic_update_may_2021.pdf,https://www.finance.gov.pk/economic/economic_update_may_2021.pdf,7e02d4691272e62a74afb0863b804cb75c0688b526174ad48da90274896c609b,15,ok
economic_update_may_2022.pdf,https://www.finance.gov.pk/economic/economic_update_may_2022.pdf,4e3135b75aed19c5929501bce1801bf76914915f7117436a5d75aaa3453ba7e3,15,ok
economic_update_n_outlook_may2025.pdf,https://www.finance.gov.pk/economic/economic_update_n_outlook_may2025.pdf,1809a7203524532ea87b0ed0bdec9251b8af2b5f44857447e833593030716b17,6,ok
economic_update_november_2020.pdf,https://www.finance.gov.pk/economic/economic_update_november_2020.pdf,dee9ccf0594378abb42db7b5b3a1956cdf15f81666980a01d3ee830072807e68,17,ok
economic_update_october_2020.pdf,https://www.finance.gov.pk/economic/economic_update_october_2020.pdf,de4fa7a28c5be4eecaf2f57bfef5a5da3f053da9536fd905e3fb0fde712c90a1,17,ok
economic_update_outlook_dec_2025.pdf,https://www.finance.gov.pk/economic/economic_update_outlook_dec_2025.pdf,e42ea9f030329241ad76964eaffbce670df992659fe2665bd1e3fbbd8c012bb7,7,ok
economic_update_outlook_feb_2026.pdf,https://www.finance.gov.pk/economic/economic_update_outlook_feb_2026.pdf,9b330902ef928aabf226d06b3bb8e191cfd9751e733ea07b1d988cb4948d59ff,7,ok
economic_update_outlook_jan_2026.pdf,https://www.finance.gov.pk/economic/economic_update_outlook_jan_2026.pdf,30a5e00ad5a21777ed7d6dbad13ce1884c574be1c64b3262f2f587f351896189,7,ok
economic_update_outlook_mar_2026.pdf,https://www.finance.gov.pk/economic/economic_update_outlook_mar_2026.pdf,6d71863baeb8d16232dadd468059df6cc6147ea49c855792617c3a976c057224,7,ok
economic_update_outlook_nov_2025.pdf,https://www.finance.gov.pk/economic/economic_update_outlook_nov_2025.pdf,16f91064a02ec81a830964e120cc2293d59e24f4227a05958705096e75755264,6,ok
economic_update_outlook_oct_2025.pdf,https://www.finance.gov.pk/economic/economic_update_outlook_oct_2025.pdf,3eb9f73085f7addcc110766183e9bd0c6d99dca8112484c2d20e519c9063619e,7,ok
economic_update_outlook_sep_2025.pdf,https://www.finance.gov.pk/economic/economic_update_outlook_sep_2025.pdf,0de81bad41af82a6cb552d4e3f3b3fb2b77c5e93989287fd229f49fd407b611d,7,ok
economic_updates_and_outlook_august_2020.pdf,https://www.finance.gov.pk/economic/economic_updates_and_outlook_august_2020.pdf,e49910275071fc1daa4eab551f9fd2da29525ebbfd6556696bbc50772a48f69f,16,ok
economic_updates_and_outlook_september_2020.pdf,https://www.finance.gov.pk/economic/economic_updates_and_outlook_september_2020.pdf,2a97c21c84abaafcf3532f8dba075f838200c143bf88747531eac0e182e46748,17,ok
economic_updates_april_2020.pdf,https://www.finance.gov.pk/economic/economic_updates_april_2020.pdf,ab37cc2a85f66acc27842d9e269cc6107263a679da3964997f4ed25fa8148847,16,ok
economic_updates_july_2020.pdf,https://www.finance.gov.pk/economic/economic_updates_july_2020.pdf,6661a3bc03f85b4fcd45223e826d4008386c6ac40882a9b6792346b8157fbc58,17,ok
economic_updates_june_2020.pdf,https://www.finance.gov.pk/economic/economic_updates_june_2020.pdf,1e1982e89134bd376a60323dc21ea1a243db2ade9a3610530afff5c40665bf79,15,ok
economic_updates_march_2020.pdf,https://www.finance.gov.pk/economic/economic_updates_march_2020.pdf,9531edbb5f841a29bf16a3b0d99044c556982e5ba5ecee317187d33bdb61a956,16,ok
economic_updates_may_2020.pdf,https://www.finance.gov.pk/economic/economic_updates_may_2020.pdf,a4d59f4b33ea2fc217b4441a5c51326d1ca56ded98846b0b81702444905c495f,14,ok
monthly_outlook_Jul_2020.pdf,https://www.finance.gov.pk/economic/monthly_outlook_Jul_2020.pdf,32fd1d9f3c49337ac179a359d2662cd24924ac7bbc306e9d5687eef113cb18bc,11,ok
